"Reference","Qty","Value","DNP","Exclude from BOM","Exclude from Board","Footprint","Datasheet","Manufactuer Part No.","Manufacturer"
"C1","1","10uF","","","","Capacitor_SMD:C_0603_1608Metric","~","CL10A106MQ8NNNC","C19702"
"C2","1","100nF","","","","Capacitor_SMD:C_0402_1005Metric","~","CL05B104KO5NNNC","C1525"
"D1","1","LED","","","","LED_SMD:LED_0603_1608Metric","~","19-217/G7C-AL1M2B/3T","C72043"
"F2","1","500mA","","","","Fuse:Fuse_1206_3216Metric","~","nSMD050-13.2V","C83921"
"FID1,FID2,FID3","3","Fiducial","","Excluded from BOM","","Fiducial:Fiducial_1mm_Mask2mm","~","",""
"J2","1","USB_C_Receptacle_USB2.0_16P","","","","Connector_USB:USB_C_Receptacle_HRO_TYPE-C-31-M-12","https://www.usb.org/sites/default/files/documents/usb_type-c.zip","",""
"R1","1","330R","","","","Resistor_SMD:R_0402_1005Metric","~","0603WAF3300T5E","C23138"
"R4,R5","2","5k1","","","","Resistor_SMD:R_0603_1608Metric","~","0603WAF5101T5E","C23186"
"U1","1","LD1117V33","","","","Package_TO_SOT_SMD:SOT-223-3_TabPin2","https://www.st.com/resource/en/datasheet/ld1117.pdf","AMS1117-3.3","C6186"
